  -- CATEGORY table
  Insert into CATEGORY (CATEGORY_ID,CATEGORY_NAME,CATEGORY_TAG) values (10001,'TV','ELECTRONICS');
  Insert into CATEGORY (CATEGORY_ID,CATEGORY_NAME,CATEGORY_TAG) values (10002,'Mobile','ELECTRONICS');
  Insert into CATEGORY (CATEGORY_ID,CATEGORY_NAME,CATEGORY_TAG) values (10003,'Laptops','ELECTRONICS');
  Insert into CATEGORY (CATEGORY_ID,CATEGORY_NAME,CATEGORY_TAG) values (10004,'Camera','ELECTRONICS');
  Insert into CATEGORY (CATEGORY_ID,CATEGORY_NAME,CATEGORY_TAG) values (10005,'Printers','ELECTRONICS');
  Insert into CATEGORY (CATEGORY_ID,CATEGORY_NAME,CATEGORY_TAG) values (10006,'Hard disk','ELECTRONICS');
  Insert into CATEGORY (CATEGORY_ID,CATEGORY_NAME,CATEGORY_TAG) values (10007,'Books','BOOKS');
  Insert into CATEGORY (CATEGORY_ID,CATEGORY_NAME,CATEGORY_TAG) values (10008,'Softwares','SOFTWARES');
  Insert into CATEGORY (CATEGORY_ID,CATEGORY_NAME,CATEGORY_TAG) values (10009,'Music ','ENTERTAINMENT');
  Insert into CATEGORY (CATEGORY_ID,CATEGORY_NAME,CATEGORY_TAG) values (10010,'Movies','ENTERTAINMENT');
  Insert into CATEGORY (CATEGORY_ID,CATEGORY_NAME,CATEGORY_TAG) values (10011,'Sports','SPORTS');
  
  -- PRODUCT table
  Insert into PRODUCT (PRODUCT_ID,PRODUCT_NAME,PRODUCT_PRICE,PRODUCT_DESCRIPTION,CATEGORY_ID,AVAILABLE_QUANTITY,SOLD_QUANTITY,PRODUCT_PIC_NAME) values (1000001,'Kodak 80cm (32 inch)',12999,' HD Ready LED TV',10001,26,9,'tv');
  Insert into PRODUCT (PRODUCT_ID,PRODUCT_NAME,PRODUCT_PRICE,PRODUCT_DESCRIPTION,CATEGORY_ID,AVAILABLE_QUANTITY,SOLD_QUANTITY,PRODUCT_PIC_NAME) values (1000002,'LG 60cm (24 inch)',11999,'HD Ready LED TV',10001,26,9,'tv');
  Insert into PRODUCT (PRODUCT_ID,PRODUCT_NAME,PRODUCT_PRICE,PRODUCT_DESCRIPTION,CATEGORY_ID,AVAILABLE_QUANTITY,SOLD_QUANTITY,PRODUCT_PIC_NAME) values (1000003,'Sony Bravia 80cm (32 inch)',29999,'HD Ready LED Smart TV',10001,26,9,'tv');
  Insert into PRODUCT (PRODUCT_ID,PRODUCT_NAME,PRODUCT_PRICE,PRODUCT_DESCRIPTION,CATEGORY_ID,AVAILABLE_QUANTITY,SOLD_QUANTITY,PRODUCT_PIC_NAME) values (1000004,'Samsung 108cm (43 inch)',38299,'Full HD LED TV',10001,26,9,'tv');
  Insert into PRODUCT (PRODUCT_ID,PRODUCT_NAME,PRODUCT_PRICE,PRODUCT_DESCRIPTION,CATEGORY_ID,AVAILABLE_QUANTITY,SOLD_QUANTITY,PRODUCT_PIC_NAME) values (1000005,'Micromax 81cm (32 inch)',13999,'HD Ready LED TV',10001,26,9,'tv');
  Insert into PRODUCT (PRODUCT_ID,PRODUCT_NAME,PRODUCT_PRICE,PRODUCT_DESCRIPTION,CATEGORY_ID,AVAILABLE_QUANTITY,SOLD_QUANTITY,PRODUCT_PIC_NAME) values (1000006,'Vu 124cm (49 inch0',32999,'Full HD LED TV ',10001,26,9,'tv');
  Insert into PRODUCT (PRODUCT_ID,PRODUCT_NAME,PRODUCT_PRICE,PRODUCT_DESCRIPTION,CATEGORY_ID,AVAILABLE_QUANTITY,SOLD_QUANTITY,PRODUCT_PIC_NAME) values (1000007,'Intex 124cm (50 inch)',35249,'Full HD LED TV',10001,26,9,'tv');
  Insert into PRODUCT (PRODUCT_ID,PRODUCT_NAME,PRODUCT_PRICE,PRODUCT_DESCRIPTION,CATEGORY_ID,AVAILABLE_QUANTITY,SOLD_QUANTITY,PRODUCT_PIC_NAME) values (1000008,'Onida 123.19cm (48.5 inch)',40999,'Full HD LED Smart TV',10001,26,9,'tv');
  Insert into PRODUCT (PRODUCT_ID,PRODUCT_NAME,PRODUCT_PRICE,PRODUCT_DESCRIPTION,CATEGORY_ID,AVAILABLE_QUANTITY,SOLD_QUANTITY,PRODUCT_PIC_NAME) values (1000009,'Samsung 123cm (49 inch)',69999,'Full HD Curved LED Smart TV',10001,26,9,'tv');
  Insert into PRODUCT (PRODUCT_ID,PRODUCT_NAME,PRODUCT_PRICE,PRODUCT_DESCRIPTION,CATEGORY_ID,AVAILABLE_QUANTITY,SOLD_QUANTITY,PRODUCT_PIC_NAME) values (1000010,'Sony Bravia 125.7cm (50 inch) ',89999,'Full HD LED Smart TV',10001,26,9,'tv');
  Insert into PRODUCT (PRODUCT_ID,PRODUCT_NAME,PRODUCT_PRICE,PRODUCT_DESCRIPTION,CATEGORY_ID,AVAILABLE_QUANTITY,SOLD_QUANTITY,PRODUCT_PIC_NAME) values (1000011,'Samsung 123cm (49 inch)',74899,'Full HD LED Smart TV',10001,26,9,'tv');
  Insert into PRODUCT (PRODUCT_ID,PRODUCT_NAME,PRODUCT_PRICE,PRODUCT_DESCRIPTION,CATEGORY_ID,AVAILABLE_QUANTITY,SOLD_QUANTITY,PRODUCT_PIC_NAME) values (1000012,'Sony 123.2cm (49 inch)',68490,'Full HD LED Smart TV',10001,26,9,'tv');
  Insert into PRODUCT (PRODUCT_ID,PRODUCT_NAME,PRODUCT_PRICE,PRODUCT_DESCRIPTION,CATEGORY_ID,AVAILABLE_QUANTITY,SOLD_QUANTITY,PRODUCT_PIC_NAME) values (1000013,'Samsung Series 5 123cm (49 inch)',54999,'Full HD LED TV',10001,26,9,'tv');
  Insert into PRODUCT (PRODUCT_ID,PRODUCT_NAME,PRODUCT_PRICE,PRODUCT_DESCRIPTION,CATEGORY_ID,AVAILABLE_QUANTITY,SOLD_QUANTITY,PRODUCT_PIC_NAME) values (1000014,'LG 108cm (43 inch)',44350,'Full HD LED Smart TV',10001,26,9,'tv');
  Insert into PRODUCT (PRODUCT_ID,PRODUCT_NAME,PRODUCT_PRICE,PRODUCT_DESCRIPTION,CATEGORY_ID,AVAILABLE_QUANTITY,SOLD_QUANTITY,PRODUCT_PIC_NAME) values (1000015,'Onida 123.19cm (48.5 inch)',40999,'Full HD LED Smart TV',10001,26,9,'tv');
  Insert into PRODUCT (PRODUCT_ID,PRODUCT_NAME,PRODUCT_PRICE,PRODUCT_DESCRIPTION,CATEGORY_ID,AVAILABLE_QUANTITY,SOLD_QUANTITY,PRODUCT_PIC_NAME) values (1000016,'LG 123cm (49 inch)',52999,'Full HD LED Smart TV',10001,26,9,'tv');
  Insert into PRODUCT (PRODUCT_ID,PRODUCT_NAME,PRODUCT_PRICE,PRODUCT_DESCRIPTION,CATEGORY_ID,AVAILABLE_QUANTITY,SOLD_QUANTITY,PRODUCT_PIC_NAME) values (1000017,'Panasonic 126cm (50 inch)',55890,'Full HD LED Smart TV',10001,26,9,'tv');
  Insert into PRODUCT (PRODUCT_ID,PRODUCT_NAME,PRODUCT_PRICE,PRODUCT_DESCRIPTION,CATEGORY_ID,AVAILABLE_QUANTITY,SOLD_QUANTITY,PRODUCT_PIC_NAME) values (1000018,'Apple iPhone 7',75000,'Space Grey, 64 GB',10002,26,9,'mobile');
  Insert into PRODUCT (PRODUCT_ID,PRODUCT_NAME,PRODUCT_PRICE,PRODUCT_DESCRIPTION,CATEGORY_ID,AVAILABLE_QUANTITY,SOLD_QUANTITY,PRODUCT_PIC_NAME) values (1000019,'Apple iPhone 6',45500,'Space Grey, 32 GB',10002,26,9,'mobile');
  Insert into PRODUCT (PRODUCT_ID,PRODUCT_NAME,PRODUCT_PRICE,PRODUCT_DESCRIPTION,CATEGORY_ID,AVAILABLE_QUANTITY,SOLD_QUANTITY,PRODUCT_PIC_NAME) values (1000020,'Apple iPhone SE',25699,'Rose Gold, 32 GB',10002,26,9,'mobile');
  Insert into PRODUCT (PRODUCT_ID,PRODUCT_NAME,PRODUCT_PRICE,PRODUCT_DESCRIPTION,CATEGORY_ID,AVAILABLE_QUANTITY,SOLD_QUANTITY,PRODUCT_PIC_NAME) values (1000021,'Samsung Galaxy S8 Plus ',49350,'Midnight Black, 128 GB',10002,26,9,'mobile');
  Insert into PRODUCT (PRODUCT_ID,PRODUCT_NAME,PRODUCT_PRICE,PRODUCT_DESCRIPTION,CATEGORY_ID,AVAILABLE_QUANTITY,SOLD_QUANTITY,PRODUCT_PIC_NAME) values (1000022,'Samsung Galaxy On Max',15650,'Black, 32 GB',10002,26,9,'mobile');
  Insert into PRODUCT (PRODUCT_ID,PRODUCT_NAME,PRODUCT_PRICE,PRODUCT_DESCRIPTION,CATEGORY_ID,AVAILABLE_QUANTITY,SOLD_QUANTITY,PRODUCT_PIC_NAME) values (1000023,'Samsung J7 Max',17999,'Gold, 32 GB',10002,26,9,'mobile');
  Insert into PRODUCT (PRODUCT_ID,PRODUCT_NAME,PRODUCT_PRICE,PRODUCT_DESCRIPTION,CATEGORY_ID,AVAILABLE_QUANTITY,SOLD_QUANTITY,PRODUCT_PIC_NAME) values (1000024,'Samsung Galaxy A9 Pro',26999,'Black, 32 GB',10002,26,9,'mobile');
  Insert into PRODUCT (PRODUCT_ID,PRODUCT_NAME,PRODUCT_PRICE,PRODUCT_DESCRIPTION,CATEGORY_ID,AVAILABLE_QUANTITY,SOLD_QUANTITY,PRODUCT_PIC_NAME) values (1000025,'Samsung Galaxy On Nxt',15999,'Gold, 64 GB',10002,26,9,'mobile');
  Insert into PRODUCT (PRODUCT_ID,PRODUCT_NAME,PRODUCT_PRICE,PRODUCT_DESCRIPTION,CATEGORY_ID,AVAILABLE_QUANTITY,SOLD_QUANTITY,PRODUCT_PIC_NAME) values (1000026,'VIVO V5s Perfect Selfie',18999,'Matte Black, 64 GB',10002,26,9,'mobile');
  Insert into PRODUCT (PRODUCT_ID,PRODUCT_NAME,PRODUCT_PRICE,PRODUCT_DESCRIPTION,CATEGORY_ID,AVAILABLE_QUANTITY,SOLD_QUANTITY,PRODUCT_PIC_NAME) values (1000027,'OPPO F3',16350,'Black, 64 GB',10002,26,9,'mobile');
  Insert into PRODUCT (PRODUCT_ID,PRODUCT_NAME,PRODUCT_PRICE,PRODUCT_DESCRIPTION,CATEGORY_ID,AVAILABLE_QUANTITY,SOLD_QUANTITY,PRODUCT_PIC_NAME) values (1000028,'Honor 8 Lite',11700,'Blue, 64 GB',10002,26,9,'mobile');
  Insert into PRODUCT (PRODUCT_ID,PRODUCT_NAME,PRODUCT_PRICE,PRODUCT_DESCRIPTION,CATEGORY_ID,AVAILABLE_QUANTITY,SOLD_QUANTITY,PRODUCT_PIC_NAME) values (1000029,'Apple iPhone 7 Plus',82000,'Jet Black, 128 GB',10002,26,9,'mobile');
  Insert into PRODUCT (PRODUCT_ID,PRODUCT_NAME,PRODUCT_PRICE,PRODUCT_DESCRIPTION,CATEGORY_ID,AVAILABLE_QUANTITY,SOLD_QUANTITY,PRODUCT_PIC_NAME) values (1000030,'Moto Z2 Play',25699,'Fine Gold, 64 GB',10002,26,9,'mobile');
  Insert into PRODUCT (PRODUCT_ID,PRODUCT_NAME,PRODUCT_PRICE,PRODUCT_DESCRIPTION,CATEGORY_ID,AVAILABLE_QUANTITY,SOLD_QUANTITY,PRODUCT_PIC_NAME) values (1000031,'Acer Core i5 7th Gen',45500,'(8 GB/1 TB HDD/Linux) E5 - 575 Laptop  (15.6 inch, Black)',10003,26,9,'laptop');
  Insert into PRODUCT (PRODUCT_ID,PRODUCT_NAME,PRODUCT_PRICE,PRODUCT_DESCRIPTION,CATEGORY_ID,AVAILABLE_QUANTITY,SOLD_QUANTITY,PRODUCT_PIC_NAME) values (1000032,'Acer Aspire Core i5 7th Gen',65699,'(4 GB/1 TB HDD/Linux) E5-575 Laptop',10003,26,9,'laptop');
  Insert into PRODUCT (PRODUCT_ID,PRODUCT_NAME,PRODUCT_PRICE,PRODUCT_DESCRIPTION,CATEGORY_ID,AVAILABLE_QUANTITY,SOLD_QUANTITY,PRODUCT_PIC_NAME) values (1000033,'Dell Vostro 3000 Core i5 7th Gen',49350,'(8 GB/1 TB HDD/Linux/2 GB Graphics) 3568 Laptop',10003,26,9,'laptop');
  Insert into PRODUCT (PRODUCT_ID,PRODUCT_NAME,PRODUCT_PRICE,PRODUCT_DESCRIPTION,CATEGORY_ID,AVAILABLE_QUANTITY,SOLD_QUANTITY,PRODUCT_PIC_NAME) values (1000034,'Acer TravelMate P2 Core i5 7th Gen',55650,'(8 GB/1 TB HDD/Linux/2 GB Graphics) TMP259-G2-MG Laptop',10003,26,9,'laptop');
  Insert into PRODUCT (PRODUCT_ID,PRODUCT_NAME,PRODUCT_PRICE,PRODUCT_DESCRIPTION,CATEGORY_ID,AVAILABLE_QUANTITY,SOLD_QUANTITY,PRODUCT_PIC_NAME) values (1000035,'Lenovo 310 APU Quad Core A10 7th Gen',57999,'(8 GB/1 TB HDD/Windows 10 Home/2 GB Graphics) 310 Laptop',10003,26,9,'laptop');
  Insert into PRODUCT (PRODUCT_ID,PRODUCT_NAME,PRODUCT_PRICE,PRODUCT_DESCRIPTION,CATEGORY_ID,AVAILABLE_QUANTITY,SOLD_QUANTITY,PRODUCT_PIC_NAME) values (1000036,'HP Core i3 6th Gen',26999,'(4 GB/1 TB HDD/DOS) 15-BE012TU Laptop',10003,26,9,'laptop');
  Insert into PRODUCT (PRODUCT_ID,PRODUCT_NAME,PRODUCT_PRICE,PRODUCT_DESCRIPTION,CATEGORY_ID,AVAILABLE_QUANTITY,SOLD_QUANTITY,PRODUCT_PIC_NAME) values (1000037,'Acer Aspire E 15 Core i5 7th Gen',35999,'(8 GB/1 TB HDD/Windows 10 Home/2 GB Graphics) E5-575G Laptop',10003,26,9,'laptop');
  Insert into PRODUCT (PRODUCT_ID,PRODUCT_NAME,PRODUCT_PRICE,PRODUCT_DESCRIPTION,CATEGORY_ID,AVAILABLE_QUANTITY,SOLD_QUANTITY,PRODUCT_PIC_NAME) values (1000038,'Lenovo Core i3 6th Gen',38999,'(4 GB/500 GB HDD/DOS) Ideapad 110 Laptop',10003,26,9,'laptop');
  Insert into PRODUCT (PRODUCT_ID,PRODUCT_NAME,PRODUCT_PRICE,PRODUCT_DESCRIPTION,CATEGORY_ID,AVAILABLE_QUANTITY,SOLD_QUANTITY,PRODUCT_PIC_NAME) values (1000039,'HP Core i5 6th Gen',36350,'(8 GB/1 TB HDD/DOS/2 GB Graphics) 15-be001TX Laptop',10003,26,9,'laptop');
  Insert into PRODUCT (PRODUCT_ID,PRODUCT_NAME,PRODUCT_PRICE,PRODUCT_DESCRIPTION,CATEGORY_ID,AVAILABLE_QUANTITY,SOLD_QUANTITY,PRODUCT_PIC_NAME) values (1000040,'Dell Inspiron Core i5 5th Gen',31700,'(4 GB/1 TB HDD/Windows 10 Home/2 GB Graphics) 3558 Laptop',10003,26,9,'laptop');
  Insert into PRODUCT (PRODUCT_ID,PRODUCT_NAME,PRODUCT_PRICE,PRODUCT_DESCRIPTION,CATEGORY_ID,AVAILABLE_QUANTITY,SOLD_QUANTITY,PRODUCT_PIC_NAME) values (1000041,'Lenovo 310 Core i5 6th Gen',42000,'(8 GB/1 TB HDD/DOS/2 GB Graphics) IP 310 Laptop',10003,26,9,'laptop');
  Insert into PRODUCT (PRODUCT_ID,PRODUCT_NAME,PRODUCT_PRICE,PRODUCT_DESCRIPTION,CATEGORY_ID,AVAILABLE_QUANTITY,SOLD_QUANTITY,PRODUCT_PIC_NAME) values (1000042,'Lenovo Core i5 7th Gen',35699,'(8 GB/1 TB HDD/Windows 10 Home/2 GB Graphics) Ideapad 510 Laptop',10003,26,9,'laptop');
  Insert into PRODUCT (PRODUCT_ID,PRODUCT_NAME,PRODUCT_PRICE,PRODUCT_DESCRIPTION,CATEGORY_ID,AVAILABLE_QUANTITY,SOLD_QUANTITY,PRODUCT_PIC_NAME) values (1000043,'Nikon D5300 DSLR Camera',26000,'DSLR Camera  (Black)',10004,26,9,'camera');
  Insert into PRODUCT (PRODUCT_ID,PRODUCT_NAME,PRODUCT_PRICE,PRODUCT_DESCRIPTION,CATEGORY_ID,AVAILABLE_QUANTITY,SOLD_QUANTITY,PRODUCT_PIC_NAME) values (1000044,'Canon EOS 1300D DSLR Camera',45690,'DSLR Camera  (Black)',10004,26,9,'camera');
  Insert into PRODUCT (PRODUCT_ID,PRODUCT_NAME,PRODUCT_PRICE,PRODUCT_DESCRIPTION,CATEGORY_ID,AVAILABLE_QUANTITY,SOLD_QUANTITY,PRODUCT_PIC_NAME) values (1000045,'Nikon D5300 DSLR Camera',63000,'DSLR Camera  (Black)',10004,26,9,'camera');
  Insert into PRODUCT (PRODUCT_ID,PRODUCT_NAME,PRODUCT_PRICE,PRODUCT_DESCRIPTION,CATEGORY_ID,AVAILABLE_QUANTITY,SOLD_QUANTITY,PRODUCT_PIC_NAME) values (1000046,'Canon EOS 750D DSLR Camera',19000,'DSLR Camera  (Black)',10004,26,9,'camera');
  Insert into PRODUCT (PRODUCT_ID,PRODUCT_NAME,PRODUCT_PRICE,PRODUCT_DESCRIPTION,CATEGORY_ID,AVAILABLE_QUANTITY,SOLD_QUANTITY,PRODUCT_PIC_NAME) values (1000047,'Nikon D7100 DSLR Camera ',54750,'DSLR Camera  (Black)',10004,26,9,'camera');
  Insert into PRODUCT (PRODUCT_ID,PRODUCT_NAME,PRODUCT_PRICE,PRODUCT_DESCRIPTION,CATEGORY_ID,AVAILABLE_QUANTITY,SOLD_QUANTITY,PRODUCT_PIC_NAME) values (1000048,'HP Desk Jet Ink Advantage 3777',4599,'Multi-function Wireless Printer',10005,26,9,'printer');
  Insert into PRODUCT (PRODUCT_ID,PRODUCT_NAME,PRODUCT_PRICE,PRODUCT_DESCRIPTION,CATEGORY_ID,AVAILABLE_QUANTITY,SOLD_QUANTITY,PRODUCT_PIC_NAME) values (1000049,'Samsung SL-M2060W/XIP',6320,'Multi-function Wireless Printer',10005,26,9,'printer');
  Insert into PRODUCT (PRODUCT_ID,PRODUCT_NAME,PRODUCT_PRICE,PRODUCT_DESCRIPTION,CATEGORY_ID,AVAILABLE_QUANTITY,SOLD_QUANTITY,PRODUCT_PIC_NAME) values (1000050,'Canon Pixma MG3670',6500,'Multi-function Wireless Printer',10005,26,9,'printer');
  Insert into PRODUCT (PRODUCT_ID,PRODUCT_NAME,PRODUCT_PRICE,PRODUCT_DESCRIPTION,CATEGORY_ID,AVAILABLE_QUANTITY,SOLD_QUANTITY,PRODUCT_PIC_NAME) values (1000051,'HP DeskJet Ink Advantage 3775 (Wireless)',8500,'Multi-function Wireless Printer',10005,26,9,'printer');
  Insert into PRODUCT (PRODUCT_ID,PRODUCT_NAME,PRODUCT_PRICE,PRODUCT_DESCRIPTION,CATEGORY_ID,AVAILABLE_QUANTITY,SOLD_QUANTITY,PRODUCT_PIC_NAME) values (1000052,'Canon PIXMA MG3670',6500,'Photo All-In-One with Duplex and Cloud Printing',10005,26,9,'printer');
  Insert into PRODUCT (PRODUCT_ID,PRODUCT_NAME,PRODUCT_PRICE,PRODUCT_DESCRIPTION,CATEGORY_ID,AVAILABLE_QUANTITY,SOLD_QUANTITY,PRODUCT_PIC_NAME) values (1000053,'Epson L360 Multi-function Inkjet Printer',9620,'Multi-function Inkjet Printer',10005,26,9,'printer');
  Insert into PRODUCT (PRODUCT_ID,PRODUCT_NAME,PRODUCT_PRICE,PRODUCT_DESCRIPTION,CATEGORY_ID,AVAILABLE_QUANTITY,SOLD_QUANTITY,PRODUCT_PIC_NAME) values (1000054,'HP DeskJet Ink Advantage 3635',4500,'All-in-One Printer',10005,26,9,'printer');
  Insert into PRODUCT (PRODUCT_ID,PRODUCT_NAME,PRODUCT_PRICE,PRODUCT_DESCRIPTION,CATEGORY_ID,AVAILABLE_QUANTITY,SOLD_QUANTITY,PRODUCT_PIC_NAME) values (1000055,'HP DeskJet 1112 Printer ',8000,'Single Function Printer',10005,26,9,'printer');
  Insert into PRODUCT (PRODUCT_ID,PRODUCT_NAME,PRODUCT_PRICE,PRODUCT_DESCRIPTION,CATEGORY_ID,AVAILABLE_QUANTITY,SOLD_QUANTITY,PRODUCT_PIC_NAME) values (1000056,'HP DeskJet Ink Tank GT 5810',6500,'Multi-function Printer',10005,26,9,'printer');
  Insert into PRODUCT (PRODUCT_ID,PRODUCT_NAME,PRODUCT_PRICE,PRODUCT_DESCRIPTION,CATEGORY_ID,AVAILABLE_QUANTITY,SOLD_QUANTITY,PRODUCT_PIC_NAME) values (1000057,'Canon Pixma MG5770 Wireless ',6540,'Multi-function Wireless Printer',10005,26,9,'printer');
  Insert into PRODUCT (PRODUCT_ID,PRODUCT_NAME,PRODUCT_PRICE,PRODUCT_DESCRIPTION,CATEGORY_ID,AVAILABLE_QUANTITY,SOLD_QUANTITY,PRODUCT_PIC_NAME) values (1000058,'Samsung SCX 3401/XIP ',7000,'Multi-function Printer',10005,26,9,'printer');
  Insert into PRODUCT (PRODUCT_ID,PRODUCT_NAME,PRODUCT_PRICE,PRODUCT_DESCRIPTION,CATEGORY_ID,AVAILABLE_QUANTITY,SOLD_QUANTITY,PRODUCT_PIC_NAME) values (1000059,'Ricoh SP 210SU ',6800,'Multi-function Printer',10005,26,9,'printer');
  Insert into PRODUCT (PRODUCT_ID,PRODUCT_NAME,PRODUCT_PRICE,PRODUCT_DESCRIPTION,CATEGORY_ID,AVAILABLE_QUANTITY,SOLD_QUANTITY,PRODUCT_PIC_NAME) values (1000060,'HP 1 TB Wired External Hard Disk Drive',6500,'External Hard Disk Drive',10006,26,9,'harddisk');
  Insert into PRODUCT (PRODUCT_ID,PRODUCT_NAME,PRODUCT_PRICE,PRODUCT_DESCRIPTION,CATEGORY_ID,AVAILABLE_QUANTITY,SOLD_QUANTITY,PRODUCT_PIC_NAME) values (1000061,'WD Elements 2.5 inch 1 TB External Hard Drive',4500,'External Hard Disk Drive',10006,26,9,'harddisk');
  Insert into PRODUCT (PRODUCT_ID,PRODUCT_NAME,PRODUCT_PRICE,PRODUCT_DESCRIPTION,CATEGORY_ID,AVAILABLE_QUANTITY,SOLD_QUANTITY,PRODUCT_PIC_NAME) values (1000062,'Seagate Plus Slim 1 TB Wired External Hard Disk Drive',5500,'Wired External Hard Disk Drive',10006,26,9,'harddisk');
  Insert into PRODUCT (PRODUCT_ID,PRODUCT_NAME,PRODUCT_PRICE,PRODUCT_DESCRIPTION,CATEGORY_ID,AVAILABLE_QUANTITY,SOLD_QUANTITY,PRODUCT_PIC_NAME) values (1000063,'WD My Passport 1 TB Wired External Hard Disk Drive',6800,'Wired External Hard Disk Drive',10006,26,9,'harddisk');
  Insert into PRODUCT (PRODUCT_ID,PRODUCT_NAME,PRODUCT_PRICE,PRODUCT_DESCRIPTION,CATEGORY_ID,AVAILABLE_QUANTITY,SOLD_QUANTITY,PRODUCT_PIC_NAME) values (1000064,'Apple ME182HN/A Airport Time Capsule 3 TB ',6700,'External Hard Disk Drive',10006,26,9,'harddisk');
  Insert into PRODUCT (PRODUCT_ID,PRODUCT_NAME,PRODUCT_PRICE,PRODUCT_DESCRIPTION,CATEGORY_ID,AVAILABLE_QUANTITY,SOLD_QUANTITY,PRODUCT_PIC_NAME) values (1000065,'Transcend StoreJet 25M3 2.5 inch 1 TB External Hard Disk',5300,'External Hard Disk Drive',10006,26,9,'harddisk');
  Insert into PRODUCT (PRODUCT_ID,PRODUCT_NAME,PRODUCT_PRICE,PRODUCT_DESCRIPTION,CATEGORY_ID,AVAILABLE_QUANTITY,SOLD_QUANTITY,PRODUCT_PIC_NAME) values (1000066,'Lenovo 1 TB Wired External Hard Disk Drive',4620,'External Hard Disk Drive',10006,26,9,'harddisk');
  Insert into PRODUCT (PRODUCT_ID,PRODUCT_NAME,PRODUCT_PRICE,PRODUCT_DESCRIPTION,CATEGORY_ID,AVAILABLE_QUANTITY,SOLD_QUANTITY,PRODUCT_PIC_NAME) values (1000067,'Sony 1 TB Wired External Hard Disk Drive',8000,'External Hard Disk Drive',10006,26,9,'harddisk');
  Insert into PRODUCT (PRODUCT_ID,PRODUCT_NAME,PRODUCT_PRICE,PRODUCT_DESCRIPTION,CATEGORY_ID,AVAILABLE_QUANTITY,SOLD_QUANTITY,PRODUCT_PIC_NAME) values (1000068,'Samsung M3 1TB portable USB 3.0 Hard Drive',4600,'External Hard Disk Drive',10006,26,9,'harddisk');
  Insert into PRODUCT (PRODUCT_ID,PRODUCT_NAME,PRODUCT_PRICE,PRODUCT_DESCRIPTION,CATEGORY_ID,AVAILABLE_QUANTITY,SOLD_QUANTITY,PRODUCT_PIC_NAME) values (1000069,'ADATA 1 TB Wired External Hard Disk Drive',6000,'External Hard Disk Drive',10006,26,9,'harddisk');
  Insert into PRODUCT (PRODUCT_ID,PRODUCT_NAME,PRODUCT_PRICE,PRODUCT_DESCRIPTION,CATEGORY_ID,AVAILABLE_QUANTITY,SOLD_QUANTITY,PRODUCT_PIC_NAME) values (1000070,'Java 2: The Complete Reference 5th Edition',2500,'Java book',10007,26,9,'book');
  Insert into PRODUCT (PRODUCT_ID,PRODUCT_NAME,PRODUCT_PRICE,PRODUCT_DESCRIPTION,CATEGORY_ID,AVAILABLE_QUANTITY,SOLD_QUANTITY,PRODUCT_PIC_NAME) values (1000071,'Head First Java 2 Edition',1200,'Java book',10007,26,9,'book');
  Insert into PRODUCT (PRODUCT_ID,PRODUCT_NAME,PRODUCT_PRICE,PRODUCT_DESCRIPTION,CATEGORY_ID,AVAILABLE_QUANTITY,SOLD_QUANTITY,PRODUCT_PIC_NAME) values (1000072,'J2Ee: The Complete Reference 1st Edition',1600,'Java book',10007,26,9,'book');
  Insert into PRODUCT (PRODUCT_ID,PRODUCT_NAME,PRODUCT_PRICE,PRODUCT_DESCRIPTION,CATEGORY_ID,AVAILABLE_QUANTITY,SOLD_QUANTITY,PRODUCT_PIC_NAME) values (1000073,'JavaScript the Complete Reference 3rd Edition',1600,'Java book',10007,26,9,'book');
  Insert into PRODUCT (PRODUCT_ID,PRODUCT_NAME,PRODUCT_PRICE,PRODUCT_DESCRIPTION,CATEGORY_ID,AVAILABLE_QUANTITY,SOLD_QUANTITY,PRODUCT_PIC_NAME) values (1000074,'Core Java, Volume I : Fundamentals 9th Edition',1700,'Java book',10007,26,9,'book');
  Insert into PRODUCT (PRODUCT_ID,PRODUCT_NAME,PRODUCT_PRICE,PRODUCT_DESCRIPTION,CATEGORY_ID,AVAILABLE_QUANTITY,SOLD_QUANTITY,PRODUCT_PIC_NAME) values (1000075,'Java The Complete Reference',1290,'Java book',10007,26,9,'book');
  Insert into PRODUCT (PRODUCT_ID,PRODUCT_NAME,PRODUCT_PRICE,PRODUCT_DESCRIPTION,CATEGORY_ID,AVAILABLE_QUANTITY,SOLD_QUANTITY,PRODUCT_PIC_NAME) values (1000076,'Let Us JAVA 2 Edition',800,'Java book',10007,26,9,'book');
  Insert into PRODUCT (PRODUCT_ID,PRODUCT_NAME,PRODUCT_PRICE,PRODUCT_DESCRIPTION,CATEGORY_ID,AVAILABLE_QUANTITY,SOLD_QUANTITY,PRODUCT_PIC_NAME) values (1000077,'Core JAVA An Integrated Approach',600,'Java book',10007,26,9,'book');
  Insert into PRODUCT (PRODUCT_ID,PRODUCT_NAME,PRODUCT_PRICE,PRODUCT_DESCRIPTION,CATEGORY_ID,AVAILABLE_QUANTITY,SOLD_QUANTITY,PRODUCT_PIC_NAME) values (1000078,'Java the Complete Reference 8 Rev ed Edition',450,'Java book',10007,26,9,'book');
  Insert into PRODUCT (PRODUCT_ID,PRODUCT_NAME,PRODUCT_PRICE,PRODUCT_DESCRIPTION,CATEGORY_ID,AVAILABLE_QUANTITY,SOLD_QUANTITY,PRODUCT_PIC_NAME) values (1000079,'Core Java, Advanced Features 9th  Edition',940,'Java book',10007,26,9,'book');
  Insert into PRODUCT (PRODUCT_ID,PRODUCT_NAME,PRODUCT_PRICE,PRODUCT_DESCRIPTION,CATEGORY_ID,AVAILABLE_QUANTITY,SOLD_QUANTITY,PRODUCT_PIC_NAME) values (1000080,'OCA/OCP JAVA SE 7 Study Guide Indian Edition',680,'Java book',10007,26,9,'book');
  Insert into PRODUCT (PRODUCT_ID,PRODUCT_NAME,PRODUCT_PRICE,PRODUCT_DESCRIPTION,CATEGORY_ID,AVAILABLE_QUANTITY,SOLD_QUANTITY,PRODUCT_PIC_NAME) values (1000081,'Head First Java 2nd  Edition',740,'Java book',10007,26,9,'book');
  Insert into PRODUCT (PRODUCT_ID,PRODUCT_NAME,PRODUCT_PRICE,PRODUCT_DESCRIPTION,CATEGORY_ID,AVAILABLE_QUANTITY,SOLD_QUANTITY,PRODUCT_PIC_NAME) values (1000082,'Effective Java 2 Edition',860,'Java book',10007,26,9,'book');
  Insert into PRODUCT (PRODUCT_ID,PRODUCT_NAME,PRODUCT_PRICE,PRODUCT_DESCRIPTION,CATEGORY_ID,AVAILABLE_QUANTITY,SOLD_QUANTITY,PRODUCT_PIC_NAME) values (1000083,'Head First Servlets And JSP',620,'Java book',10007,26,9,'book');
  Insert into PRODUCT (PRODUCT_ID,PRODUCT_NAME,PRODUCT_PRICE,PRODUCT_DESCRIPTION,CATEGORY_ID,AVAILABLE_QUANTITY,SOLD_QUANTITY,PRODUCT_PIC_NAME) values (1000084,'Introduction to Java Programming',250,'Java book',10007,26,9,'book');
  Insert into PRODUCT (PRODUCT_ID,PRODUCT_NAME,PRODUCT_PRICE,PRODUCT_DESCRIPTION,CATEGORY_ID,AVAILABLE_QUANTITY,SOLD_QUANTITY,PRODUCT_PIC_NAME) values (1000085,'Introduction to JAVA Programming 9th Edition',700,'Java book',10007,26,9,'book');
  Insert into PRODUCT (PRODUCT_ID,PRODUCT_NAME,PRODUCT_PRICE,PRODUCT_DESCRIPTION,CATEGORY_ID,AVAILABLE_QUANTITY,SOLD_QUANTITY,PRODUCT_PIC_NAME) values (1000086,'Quick Heal TOTAL SECURITY 10 USER 1YEAR',3200,'Antivirus',10008,26,9,'software');
  Insert into PRODUCT (PRODUCT_ID,PRODUCT_NAME,PRODUCT_PRICE,PRODUCT_DESCRIPTION,CATEGORY_ID,AVAILABLE_QUANTITY,SOLD_QUANTITY,PRODUCT_PIC_NAME) values (1000087,'Windows 7 Professional (OEI) 64-bit',6500,'Operating system',10008,26,9,'software');
  Insert into PRODUCT (PRODUCT_ID,PRODUCT_NAME,PRODUCT_PRICE,PRODUCT_DESCRIPTION,CATEGORY_ID,AVAILABLE_QUANTITY,SOLD_QUANTITY,PRODUCT_PIC_NAME) values (1000088,'Microsoft Windows 10 Professional 32/64 Bit DVD',9000,'Operating system',10008,26,9,'software');
  Insert into PRODUCT (PRODUCT_ID,PRODUCT_NAME,PRODUCT_PRICE,PRODUCT_DESCRIPTION,CATEGORY_ID,AVAILABLE_QUANTITY,SOLD_QUANTITY,PRODUCT_PIC_NAME) values (1000089,'Microsoft BSFC7648654 Windows 10 Pro 64 BIT',8600,'Operating system',10008,26,9,'software');
  Insert into PRODUCT (PRODUCT_ID,PRODUCT_NAME,PRODUCT_PRICE,PRODUCT_DESCRIPTION,CATEGORY_ID,AVAILABLE_QUANTITY,SOLD_QUANTITY,PRODUCT_PIC_NAME) values (1000090,'McAfee Total Protection 3 PC 1 Year',600,'Antivirus',10008,26,9,'software');
  Insert into PRODUCT (PRODUCT_ID,PRODUCT_NAME,PRODUCT_PRICE,PRODUCT_DESCRIPTION,CATEGORY_ID,AVAILABLE_QUANTITY,SOLD_QUANTITY,PRODUCT_PIC_NAME) values (1000091,'Microsoft Windows 8 / 8.1 SL OEM 32 bit',7500,'Operating system',10008,26,9,'software');
  Insert into PRODUCT (PRODUCT_ID,PRODUCT_NAME,PRODUCT_PRICE,PRODUCT_DESCRIPTION,CATEGORY_ID,AVAILABLE_QUANTITY,SOLD_QUANTITY,PRODUCT_PIC_NAME) values (1000092,'Microsoft MS Office Home and Business 2016',6400,'Operating system',10008,26,9,'software');
  Insert into PRODUCT (PRODUCT_ID,PRODUCT_NAME,PRODUCT_PRICE,PRODUCT_DESCRIPTION,CATEGORY_ID,AVAILABLE_QUANTITY,SOLD_QUANTITY,PRODUCT_PIC_NAME) values (1000093,'Microsoft Windows 8.1 Pro Upgrade Pack 32/64 bit',8000,'Operating system',10008,26,9,'software');
  Insert into PRODUCT (PRODUCT_ID,PRODUCT_NAME,PRODUCT_PRICE,PRODUCT_DESCRIPTION,CATEGORY_ID,AVAILABLE_QUANTITY,SOLD_QUANTITY,PRODUCT_PIC_NAME) values (1000094,'Microsoft KW900140 Windows 10 Home Oem DVD 64 bit',6400,'Operating system',10008,26,9,'software');
  Insert into PRODUCT (PRODUCT_ID,PRODUCT_NAME,PRODUCT_PRICE,PRODUCT_DESCRIPTION,CATEGORY_ID,AVAILABLE_QUANTITY,SOLD_QUANTITY,PRODUCT_PIC_NAME) values (1000095,'Microsoft F2C-01535 Windows 7 Pro 64 Bit',5600,'Operating system',10008,26,9,'software');
  Insert into PRODUCT (PRODUCT_ID,PRODUCT_NAME,PRODUCT_PRICE,PRODUCT_DESCRIPTION,CATEGORY_ID,AVAILABLE_QUANTITY,SOLD_QUANTITY,PRODUCT_PIC_NAME) values (1000096,'Eset Smart Security Version 6 3 PC 1 Year',2000,'Antivirus',10008,26,9,'software');
  Insert into PRODUCT (PRODUCT_ID,PRODUCT_NAME,PRODUCT_PRICE,PRODUCT_DESCRIPTION,CATEGORY_ID,AVAILABLE_QUANTITY,SOLD_QUANTITY,PRODUCT_PIC_NAME) values (1000097,'Ubuntu 16.04 DVD 64 bit',6400,'Operating system',10008,26,9,'software');
  Insert into PRODUCT (PRODUCT_ID,PRODUCT_NAME,PRODUCT_PRICE,PRODUCT_DESCRIPTION,CATEGORY_ID,AVAILABLE_QUANTITY,SOLD_QUANTITY,PRODUCT_PIC_NAME) values (1000098,'Tally Silver',2100,'Antivirus',10008,26,9,'software');
  Insert into PRODUCT (PRODUCT_ID,PRODUCT_NAME,PRODUCT_PRICE,PRODUCT_DESCRIPTION,CATEGORY_ID,AVAILABLE_QUANTITY,SOLD_QUANTITY,PRODUCT_PIC_NAME) values (1000099,'Microsoft 1 Windows 10 pro microsoft',8400,'Operating system',10008,26,9,'software');
  Insert into PRODUCT (PRODUCT_ID,PRODUCT_NAME,PRODUCT_PRICE,PRODUCT_DESCRIPTION,CATEGORY_ID,AVAILABLE_QUANTITY,SOLD_QUANTITY,PRODUCT_PIC_NAME) values (1000100,'McAfee LiveSafe Total Security (Unlimited Devices)',1000,'Antivirus',10008,26,9,'software');
  
  -- CUSTOMER table
  Insert into CUSTOMER (CUSTOMER_ID,FIRST_NAME,LAST_NAME,EMAIL_ID,PHONE_NUMBER,ADDRESS,CITY) values (100001,'Gaurav','Garg','ggarg.bhilai@gmail.com','9827166315','GAUR CITY 1','NOIDA');
  Insert into CUSTOMER (CUSTOMER_ID,FIRST_NAME,LAST_NAME,EMAIL_ID,PHONE_NUMBER,ADDRESS,CITY) values (100002,'Rohan','Verma','rohan@gmail.com','7351145621','LAXMI NAGAR','DELHI');
  Insert into CUSTOMER (CUSTOMER_ID,FIRST_NAME,LAST_NAME,EMAIL_ID,PHONE_NUMBER,ADDRESS,CITY) values (100003,'Amit','Verma','amit@gmail.com','9827166312','PREET VIHAR','DELHI');
  Insert into CUSTOMER (CUSTOMER_ID,FIRST_NAME,LAST_NAME,EMAIL_ID,PHONE_NUMBER,ADDRESS,CITY) values (100004,'Rahul','Khanna','rahul@gmail.com','9827165478','CYBER-HUB','GURGAON');
  Insert into CUSTOMER (CUSTOMER_ID,FIRST_NAME,LAST_NAME,EMAIL_ID,PHONE_NUMBER,ADDRESS,CITY) values (100005,'Rohit','Sharma','rohit@gmail.com','7896541236','SECTOR 15','NOIDA');
  
  -- CUSTOMER_ROLE table
  INSERT INTO CUSTOMER_ROLE (CUSTOMER_ID, USERNAME, PASSWORD, ROLE, ENABLED) VALUES (100001.0,'gaurav','pass','admin',1.0);
  INSERT INTO CUSTOMER_ROLE (CUSTOMER_ID, USERNAME, PASSWORD, ROLE, ENABLED) VALUES (100002.0,'rohan','pass','user',1.0);
  INSERT INTO CUSTOMER_ROLE (CUSTOMER_ID, USERNAME, PASSWORD, ROLE, ENABLED) VALUES (100003.0,'amit','pass','user',1.0);
  INSERT INTO CUSTOMER_ROLE (CUSTOMER_ID, USERNAME, PASSWORD, ROLE, ENABLED) VALUES (100004.0,'rahul','pass','user',1.0);
  INSERT INTO CUSTOMER_ROLE (CUSTOMER_ID, USERNAME, PASSWORD, ROLE, ENABLED) VALUES (100005.0,'rohit','pass','user',1.0);
  
  -- ORDER_STATUS table
  Insert into ORDER_STATUS (STATUS_ID,STATUS,DESCRIPTION) values (1001,'Order placed','Order placed successfully');
  Insert into ORDER_STATUS (STATUS_ID,STATUS,DESCRIPTION) values (1002,'Order shipped','Order is shipped');
  Insert into ORDER_STATUS (STATUS_ID,STATUS,DESCRIPTION) values (1003,'Order in transit','Order in transit phase');
  Insert into ORDER_STATUS (STATUS_ID,STATUS,DESCRIPTION) values (1004,'Out for delivery','Order is out for delivery');
  Insert into ORDER_STATUS (STATUS_ID,STATUS,DESCRIPTION) values (1005,'Order delivered','Order is delivered');
  
  COMMIT;